Номер дела,Дата,Оспариваемое рекламное объявление,Тег,Регион,Нарушение,Ссылка на закон,Решение по делу,Варианты ответа верное,Варианты ответа неверное,Итоговый ответ
4-14.3-103/00-08-15,26.02.2015,,недобросовестная реклама (+ недостоверная реклама),Москва и МО,"На рекламных щитах была фраза ""За кого играешь ты? Какой квас пить?"" и приводилась таблица, в которой указывались страны и наименования производителей кваса: ""Очаковский"" (Россия, ""Очаково""), ""Русский дар"" (США, PepsiCo), ""Хлебный край"" (Дания, ""Балтика""), ""Никола"" (Сейшельские острова, ""Дека""). При этом строка с названием кваса ""Очаковский"" выделена более крупным и жирным шрифтом.
По мнению ФАС, эта реклама дает основания потребителям полагать, что квас ""Очаковский"" превосходит квасную продукцию других компаний, произведенную за пределами России.","Согласно п.у 1 ч.  2 ст. 5 Федерального закона ""О рекламе"" недобросовестной признается реклама, которая содержит некорректные сравнения рекламируемого товара с находящимися в обороте товарами, которые произведены другими изготовителями или реализуются другими продавцами.
В соответствии с п.ом 1 ч.  3 ст. 5 Федерального закона ""О рекламе"" недостоверной признается реклама, которая содержит не соответствующие действительности сведения о преимуществах рекламируемого товара перед находящимися в обороте товарами, которые произведены другими изготовителями или реализуются другими продавцами.
","Признана ненадлежащей, выдано предписание о прекращении нарушения законодательства о рекламе и наложен административный  штраф в размере 100 000 рублей.","Верное: В данном случае в рекламе есть некорректное сравнение товара с товарами других производителей, что нарушает п. 1 ч. 2 ст. 5 ФЗ ""О рекламе"". Также она содержит недостоверную информацию о превосходстве кваса ""Очаковский"" над другими. Это является нарушением п. 1 ч. 2 ст. 5 ФЗ ""О рекламе"".","Неверное: В рекламе отсутствуют характеристики кваса других производителей, что вводит в заблуждение, так как в рекламе отсутствует необходимая для восприятия часть информации. Это является нарушением  ч. 7 ст. 5 ФЗ ""О рекламе"".","В рекламе строка с названием кваса ""Очаковский"" выделена более крупным и жирным шрифтом, что дает основания потребителям полагать, что квас ""Очаковский"" превосходит квасную продукцию других компаний, произведенную за пределами России. Некорректное сравнение рекламируемого товара с другими и несоответствие действительности сведений о преимуществах рекламируемого товара запрещено п. 1 ч. 2 и п. 1 ч. 3 ст. 5 ФЗ ""О рекламе"". Рекламодателю был назначен штраф в размере 100 000 рублей.
Подробнее о деле: https://goo.su/Hh02O"
08/04/14.3-17/2019 ,1 февраля 2019,,недобросовестная реклама (+ отсутствует часть существенной информации),,"Использованное в рекламе утверждение «Гексорал. Болезнетушитель № 1» в отношении лекарственного препарата «Гексорал» указывает на превосходство данного препарата в сравнении с другими товарами, поскольку «№ 1» подразумевает, что рекламируемый товар является первым из числа других однородных товаров, обладая более высокими достоинствами и преимуществом перед ними. Форма и условия размещения рекламы не позволяют потребителям воспринять (прочитать) текст с критериями, обосновывающими утверждение № 1, ввиду мелкого шрифта и краткого времени показа. Соответственно, потребители не получают информацию о критериях сравнения, на основании которых утверждается о превосходстве лекарственного препарата «Гексорал», над продукцией других производителей, что искажает смысл рекламы и вводит потребителей в заблуждение.","В соответствии с п.ом 1 ч.  2 ст. 5 Федерального закона «О рекламе» недобросовестной признается реклама, которая содержит некорректные сравнения рекламируемого товара с находящимися в обороте товарами, которые произведены другими изготовителями или реализуются другими продавцами.
В соответствии с частью 7 ст. 5 Федерального закона «О рекламе» не допускается реклама, в которой отсутствует часть существенной информации о рекламируемом товаре, об условиях его приобретения или использования, если при этом искажается смысл информации и вводятся в заблуждение потребители рекламы.","Признана ненадлежащей, выдао предписание о прекращении нарушения законодательства о рекламе и наложен административный штраф в размере 200 000 рублей","Верное: В данном случае в рекламе есть некорректное сравнение товара с товарами других производителей. «Гексорал» указывает на превосходство данного препарата в сравнении с другими товарами, а также из-за маленького шрифта не позволяет потребителям получить информацию о критериях сравнения, что недопустимо и является нарушением п. 1 ч. 2 ст. 5 и ч. 7 ст. 5 ФЗ ""О рекламе"".","Неверное: В рекламе имеется указание только на ознакомление с инструкцией, не хватает надписи ""необходимо проконсультироваться со специалистом"". В рекламе отсутствует часть существенной информации - предупреждения. Это является нарушением ч. 7 ст. 24 ФЗ ""О рекламе"".","В рекламе используется утверждение «Болезнетушитель №1», указывающее на превосходство данного препарата в сравнении с другими товарами. Однако критерии сравнения прописаны мелким шрифтом, что не позволяет потребителям получить эту информацию и искажает смысл рекламы. Таким образом, реклама нарушает п. 1 ч. 2 и ч. 7 ст. 5 ФЗ ""О рекламе"". В качестве наказания был наложен административный штраф в размере 200 000 рублей.
Подробнее о деле: https://goo.su/ILmQR0
"
3-5-17/00-08-19,16 мая 2019,"""РЕГ.РУ | Регистратор N1 в России  Домены в зоне. САЙТ со скидкой до 67%...""",недобросовестная реклама (+ отсутствует часть существенной информации),,"Использованное в рекламе утверждение «Регистратор N1 в России» указывает на превосходство компании в сравнении с другими регистраторами доменных имен. При этом в рекламе нет информации о критериях сравнения, на основании которых это утверждение сделано, что искажает смысл рекламы и вводит потребителей в заблуждение.","В соответствии с п.ом 1 ч.  2 ст. 5 Федерального закона «О рекламе» недобросовестной признается реклама, которая содержит некорректные сравнения рекламируемого товара с находящимися в обороте товарами, которые произведены другими изготовителями или реализуются другими продавцами.
В соответствии с частью 7 ст. 5 Федерального закона «О рекламе» не допускается реклама, в которой отсутствует часть существенной информации о рекламируемом товаре, об условиях его приобретения или использования, если при этом искажается смысл информации и вводятся в заблуждение потребители рекламы.",Признана ненадлежащей и назначено административное наказание в виде предупреждения за совершение административного правонарушения,"Верное: В данном случае в рекламе есть некорректное сраневние товара с товарами других производиетелей. «Регистратор N1 в России» указывает на превосходство регистратора доменных имен в сравнении с другими, поскольку «№1» подразумевает, что рекламируемая компания вляется первой из числа других, что недопустимо и является нарушением п. 1 ч.  2 ст. 5 ФЗ ""О рекламе""","Неверное: В рекламе нет уточнения касательно процесса регистрации домена, что является вводящим в заблуждение и нарушает часть 7 ст. 5 ФЗ ""О рекламе"", поскольку в рекламе направленной на регистрацию чего-либо в интернете должна быть опредленная инструкция по работе с сервисом.","Реклама содержит утверждение «Регистратор №1 в России», указывающее на превосходство компании в сравнении с другими регистраторами доменных имен. При этом в рекламе нет информации о критериях сравнения, на основании которых это утверждение сделано, что искажает смысл рекламы и вводит потребителей в заблуждение, нарушая п. 1 ч. 2 и часть 7 ст. 5 ФЗ ""О рекламе"". За нарушение законодательства было назначено административное наказание в виде предупреждения.
Подробнее о деле: https://goo.su/D7CMNz"
3-5-63/00-08-17,13 февраля 2018,Реклама МТС «Не мучайся со старым ТВ. Переходи на спутник».,недобросовестная реклама,,"Соответственно указание на то, что эфирное телевидение является устаревшим, требующим немедленной замены на более современное спутниковое телевидение, не соответствует фактическим обстоятельствам относительно функциональных характеристик эфирных антенн. При данных обстоятельствах сравнение спутникового телевидения МТС и эфирного телевидения является некорректным.","Согласно п.у 1 ч.  2 ст. 5 Федерального закона «О рекламе» недобросовестной признается реклама, которая содержит некорректные сравнения рекламируемого товара с находящимися в обороте товарами, которые произведены другими изготовителями или реализуются другими продавцами.","Признана ненадлежащей, выдано предписание о прекращении нарушения законодательства РФ о рекламе и назнчаен административный штраф в размере 100 000 рублей","Верное: Реклама содержит некорректное сравнение эфирного телевидения и спутникового, так как первое является устаревшим, требующим немедленной замены на более современное. Это вводит в заблуждение потребителей рекламы и нарушает п. 1 ч. 2 ст. 5 ФЗ ""О рекламе"".","Неверное: В рекламе отсутствует часть существенной информации, что делает транслируемую информацию неполноценной, нарушая ч. 7 ст. 5 ФЗ ""О рекламе"".","В рекламе используется некорректное сравнение эфирного и спутникового телевидения: присутствует указание на то, что эфирное телевидение является устаревшим, требующим немедленной замены, что не соответствует фактическим обстоятельствам. Реклама недобросовестная и нарушает п. 1 ч. 2 ст. 5 ФЗ ""О рекламе"". Рекламодателю назначен административный штраф в размере 100 000 рублей.
Подробнее о деле: https://goo.su/SMzrh
"
06-60/16,23 июня 2016,,недобросовестная реклама (+недостоверная реклама),Новосибирск,"Надпись: «GUTMANBARBERSHOP _ Первая нормальная парикмахерская! _ Запишись сейчас! 299-10-90 _ Борода _ Стрижка _ Чай и кофе _ Компания _ Можно покрепче». В рекламе содержится некорректное сравнение рекламируемого товара и услуг «Первая нормальная парикмахерская»с другими организациями, оказывающими парикмахерские услуги в г. Новосибирске, способна вызвать неверные представления у потребителей относительно объекта рекламирования и отрицательно повлиять на осознанный выбор парикмахерской, в том числе путем указания некорректных сведений о конкурентах.","В соответствии с п.1 ч.2 ст.5 Закона о рекламе, недобросовестной признается реклама, которая содержит некорректные сравнения рекламируемого товара с находящимися в обороте товарами, которые произведены другими изготовителями или реализуются другими продавцами.
Согласно п.1 ч.3 ст.5 Закона о рекламе, недостоверной признается реклама, которая содержит не соответствующие действительности сведения о преимуществах рекламируемого товара перед находящимися в обороте товарами, которые произведены другими изготовителями или реализуются другими продавцами.
Кроме того, согласно ч. 11 ст.5 Закона о рекламе, при производстве, размещении и распространении рекламы должны соблюдаться требования законодательства Российской Федерации, в том числе требования гражданского законодательства, законодательства о государственном языке Российской Федерации.","Признана ненадлежащей, наложен административный штраф в размере 100 000 рублей","Верное: Реклама содержит слоган ""Первая нормальная парикмахерская!"", который означает превосходство рекламируемой компании по сравнению с другими без указания конкретных критериев. Это является нарушением согласно п. 1 ч. 2 ст. 5 ФЗ ""О рекламе"". ","Неверное: В рекламе используются иностранные слова, которые, более того, искажены дизайном, что мешает восприятию информации и вводит в заблуждение. Это нарушает п. 1 ч. 5 ст. 5 ФЗ ""О рекламе"".","В рекламе содержится выражение «Первая нормальная парикмахерская», что указывает на преимущества рекламируемых услуг в сравнении с другими организациями. Указание некорректных сведений о конкурентах может ввести потребителей в заблуждение. Некорректное сравнение и несоответствие сведений действительности запрещены п. 1 ч. 2  и п. 1 ч. 3 ст. 5 ФЗ ""О рекламе"". По результатам судебного разбирательства был наложен административный штраф в размере 100 000 рублей.
Подробнее о деле: https://goo.su/96Z9n
"
 3-5-62/00-08-13,2 сентября 2013,,недобросовестная реклама,,"Рекламное утверждение «Телеканал «Муз-ТВ» - главный музыкальный канал» не содержит конкретных сведений о преимуществах рекламируемого товара перед находящимися в обороте товарами, которые произведены другими изготовителями или реализуются другими продавцами.","Согласно п.у 1 ч.  2 ст. 5 Федерального закона «О рекламе» недобросовестной признается реклама, которая содержит некорректные сравнения рекламируемого товара с находящимися в обороте товарами, которые произведены другими изготовителями или реализуются другими продавцами.","Признана ненадлежащей, выдано предписание о прекращении нарушения законодательства и наложен административный штраф в размере 100 000 рублей","Верное: «Главный музыкальный канал» указывает на превосходство рекламируемого канала перед другими без указания критериев сравнения, что недопустимо и является нарушением п. 1 ч. 2 ст. 5 ФЗ ""О рекламе"".","Неверное:  В рекламе не содержится указания на то, как можно получить доступ к ресурсам музыкального канала, что свидетельствует об отсутствии части важной информации. Реклама нарушает ч. 7 ст. 5 ФЗ ""О рекламе"".","Рекламное утверждение «Телеканал «Муз-ТВ» - главный музыкальный канал» не содержит конкретных сведений о преимуществах рекламируемого товара перед находящимися в обороте товарами, которые произведены другими изготовителями или реализуются другими продавцами. Данная реклама нарушает п. 1 ч. 2 ст. 5 ФЗ ""О рекламе"". На рекламодателя был наложен административный штраф в размере 100 000 рублей.
Подробнее о деле: https://goo.su/zrZl4 "
Р-127/2014,26 ноября 2014,«Эдик ЛОПУХ! Купил ОКНО за 10500! А у нас дешевле! Можно в рассрочку!».,недобросовестная реклама (+ недостоверная реклама),Амурская область,"Данная реклама наносит вред деловой репутации ЗАО «Окна-Эталон», поскольку указывает на стоимость металлопластикового окна – 10 500 рублей, рекламируемую заявителем, а также содержит оскорбительное высказывание по отношению к лицам, приобретшим окна по указанной стоимости, что является актом недобросовестной конкуренции. ","В соответствии с п.ми 1, 2, 4 ч.  2 ст. 5 Федерального закона «О рекламе» недобросовестной признается реклама, которая: содержит некорректные сравнения рекламируемого товара с находящимися в обороте товарами, которые произведены другими изготовителями или реализуются другими продавцами (п. 1); порочит честь, достоинство или деловую репутацию лица, в том числе конкурента (п. 2); является актом недобросовестной конкуренции в соответствии с антимонопольным законодательством (п. 4). В силу п. 1 ч.  3 ст. 5 Федерального закона «О рекламе» недостоверной признается реклама, которая содержит не соответствующие действительности сведения о преимуществах рекламируемого товара перед находящимися в обороте товарами, которые произведены другими изготовителями или реализуются другими продавцами.",Признана ненадлежащей и наложен административный штраф в размере 100 000 рублей,"Верное: Реклама содержит оскорбительное высказывание по отношению к лицам, приобретшим товар по указанной стоимости, и вредит деловой репутации компании. Является актом недобросовестной конкуренции и нарушает п. 1, 2, 4, ч. 2, ст. 5 ФЗ ""О рекламе"".","Неверное: Реклама формирует негативное отношение к лицам, которые приобрели товар у конкурента за указанную стоимость, и осуждает их: ""Эдик ЛОПУХ! Купил ОКНО за 10500!"". Реклама нарушает п. 4 ч. 4 ст. 5 ФЗ ""О рекламе"".","Данная реклама содержит оскорбительное высказывание по отношению к лицам, приобретшим окна по указанной стоимости (10500), что является актом недобросовестной конкуренции и вредит деловой репутации конкурентов. Кроме того, в рекламе используется некорректное сравнение. Таким образом, реклама нарушает п. 1, 2, 4 ч. 2 и п. 1 ч. 3 ст. 5 ФЗ ""О рекламе"". За несоблюдение законодательства был назначен административный штраф в размере 100 000 рублей.
Подробнее о деле: https://goo.su/mdBHfFl "
РЦ.08.12.41,8 ноября 2012,,недобрососветная реклама,,Реклама содержит некорректное сравнение по сравнению с другими бензопилами и порочит деловую репутацию других производителей.,"Согласно п.у 1 ч.  2 ст. 5 Федерального закона «О рекламе» недобросовестной признается реклама, которая содержит некорректные сравнения рекламируемого товара с находящимися в обороте товарами, которые произведены другими изготовителями или реализуются другими продавцами.",Признана ненадлежащей и выдано предписание о прекращении нарушения законодательства о релкаме,"Верное: Содержит некорректное сравнение рекламируемого товара с другими товарами без конкретных критериев сравнения, косвенно указывая на то, что другие продавцы бензопил торгуют товарами-подделками, которые не имеют достойного качества. Это является нарушением п. 1 ч. 2 ст. 5 ФЗ ""О рекламе"".","Неверное: В рекламе есть фраза ""Выбери себе ствол"", которая способна ввести людей в заблуждение. Потребители могут подумать о выборе оружия, следовательно, реклама призывает к насилию и жестокости и нарушает п. 2 ч. 4 ст. 5 ФЗ ""О рекламе"".","Реклама содержит некорректное сравнение по сравнению с другими бензопилами, утверждая, что товары других производителей могут оказаться подделкой (""Остерегайтесь подделок!"") и не быть достойного качества, нарушая п. 1 ч. 2 ст. 5 ФЗ ""О рекламе"".
Подробнее о деле: https://goo.su/pGkf1 "
18-03-14.3-02/549,13 сентября 2018,,недобросовестная реклама,Волгоградская область,"Реклама содержит некорректное сравнение лекарств, продаваемых в аптеках «Волгофарм», с лекарствами, продаваемыми в других аптеках, что порочит деловую репутацию конкурентов аптечной сети на рынке реализуемых лекарственных препаратов.","Согласно п.у 1 ч.  2 ст. 5 Федерального закона «О рекламе» недобросовестной признается реклама, которая содержит некорректные сравнения рекламируемого товара с находящимися в обороте товарами, которые произведены другими изготовителями или реализуются другими продавцами. Согласно п.у 2 ч.  2 частьи 5 Федерального закона "" О рекламе"" недобросовестной признается реклама, которая порочит честь, достоинство или деловую репутацию лица, в том числе конкурента",Признана ненадлежащей и наложен штраф в размере 50 000 рублей,"Верное: Реклама содержит некорректное сравнение лекарств, продаваемых в ""проверенной аптеке"", с препаратами, которыми торгуют другие аптеки, что порочит репутацию конкурентов рекламируемой аптечной сети. Это является нарушением п. 1 ч. 2 и п. 2 ч. 3 ст. 5 ФЗ ""О рекламе"".","Неверное: Рекламный билборд расположен над проезжей частью и своим ярким видом угрожает безопасности движения автомобильного транспорта, что нарушает п. 3 ч. 4 ст. 5 ФЗ ""О рекламе"".","Реклама содержит некорректное сравнение лекарств, продаваемых в ""проверенной аптеке"", с препаратами, которыми торгуют другие аптеки, что порочит репутацию конкурентов рекламируемой аптечной сети. Данная реклама нарушает п. 1, 2 ч. 2 ст. 5 ФЗ ""О рекламе"". В результате судебного разбирательства был наложен административный штраф в размере 50 000 рублей.
Подробнее о деле: https://goo.su/ebCcZG"
7679/04-01 ,29.06.2015,"""Методика кинезотерапии Бубновского настолько популярна, что появилось много центров-двойников, будьте внимательны, в Ярославле обращайтесь в центр на Республиканской по телефону 370-070"".",недобросовестная реклама,Ярославская область,"Реклама способствует созданию неверного впечатления относительно законности и правомерности оказания другими центрами в г. Ярославле услуг лечения по методу доктора Бубновского, что порочит честь, достоинство и деловую репутацию указанных центров","Согласно п.у 1 ч.  2 ст. 5 Федерального закона «О рекламе» недобросовестной признается реклама, которая содержит некорректные сравнения рекламируемого товара с находящимися в обороте товарами, которые произведены другими изготовителями или реализуются другими продавцами. Согласно п.у 2 ч.  2 частьи 5 Федерального закона "" О рекламе"" недобросовестной признается реклама, которая порочит честь, достоинство или деловую репутацию лица, в том числе конкурента","Признана ненадлежащей, выдано предписание о прекращении нарушения законодательства о рекламе и наложен штраф в размере 100 000 рублей","Верное: Реклама способствует созданию неверного впечатления о законности и правомерности оказания медицинских услуг другими центрами в г. Ярославле по методу доктора Бубновского, что порочит честь, достоинство и деловую репутацию этих центров, нарушая п. 1, 2 ч. 2 ст. 5 ФЗ ""О рекламе"".","Неверное: Реклама содержит недостоверные сведения о рекомендации и одобрении объекта рекламирования физическим лицом (в данном случае доктора Бубновского). Нарушает п. 3 ч. 10 ст. 5 ФЗ ""О рекламе"".","Реклама способствует созданию неверного впечатления относительно законности и правомерности оказания другими центрами в г. Ярославле услуг лечения по методу доктора Бубновского (за счет использования выражения ""центры-двойники""), что порочит честь, достоинство и деловую репутацию указанных центров. Данная реклама нарушает п. 1, 2 ч. 2 ст. 5 ФЗ ""О рекламе"".
Суд назначил рекламодателю административный штраф в размере 100 тыс. рублей.
Подробнее о деле: https://goo.su/wqG8RAj
"
3-5-187/77-18,23 августа 2018,,недобросовестная реклама (+ недостоверная реклама),Москва,Использование в спорной рекламе выражения «Лучший выбор; лучшие цены» направлено на распространение позитивной информации в отношении рекламируемого торгового предприятия путем некорректного сравнения с другими торговыми предприятиями,"Согласно ч.  7 ст. 5 Закона о рекламе не допускается реклама в которой отсутствует часть существенной информации о рекламируемом товаре, об условиях его приобретения или использования, если при этом искажается смысл информации и вводятся в заблуждение потребители рекламы. Согласно п.у 1 ч.  3 ст. 5 Закона о рекламе недостоверной признается реклама, которая содержит не соответствующие действительности сведения о преимуществах рекламируемого товара перед находящимися в обороте товарами, которые произведены другими изготовителями или реализуются другими продавцами. Согласно п.у 1 ч.  2 ст. 5 Федерального закона «О рекламе» недобросовестной признается реклама, которая содержит некорректные сравнения рекламируемого товара с находящимися в обороте товарами, которые произведены другими изготовителями или реализуются другими продавцами. ","Признана ненадлежащей, выдано предписание о прекращении нарушения законодательства о рекламе","Верное: Реклама содержит утверждение о преимуществе данного магазина перед другими представителями рынка, которое основывается на несоответствующей действительности информации, и нарушает п. 1 ч. 3 ст. 5 ФЗ ""О рекламе"". Также в рекламе отсутствует часть существенной информации, что является нарушением ч. 7 ст. 5 ФЗ ""О рекламе"".","Неверное: Рекламная фраза ""Лучший выбор"" формирует негативное отношение к лицам, не пользующимся рекламируемым товаром, указывая на то, что другие люди получают услуги более низкого качества, что нарушает п. 4 ч. 4 ст. 5 ФЗ ""О рекламе"".","В рекламе используется слоган «Лучший выбор; лучшие цены», который указывает на превосходство рекламируемого торгового предприятия перед другими путем недостоверности критериев сравнения и отсутствия части существенной информации, которая может ввести потребителей в заблуждение. Таким образом, реклама нарушает п. 1 ч. 3 и ч. 7 ст. 5 ФЗ ""О рекламе"".
Подробнее о деле: https://goo.su/ZJFs "
1012-ФАС52-07/15,16 сентября 2015,"«SEVEN Приятно экономить, фрукты черешня 179 руб. 99 коп., а в Ашан (изображен логотип Ашан) 362 руб. 99 коп.»

«SEVEN Приятно экономить, фрукты персик 179 руб. 90 коп. (а в Ашан (изображен логотип Ашан) 214 руб. 99 коп.

«SEVEN Приятно экономить, фрукты нектарин 179 руб. 90 коп. (а в Ашан (изображен логотип Ашан) 216 руб. 99 коп.",недобросовестная реклама,Нижний Новгород,"При сравнении цен в рекламе отсутствуют существенные характеристики товара, а именно: страна производитель, сорт, дата поступления товара, срок годности, и другие. ","Согласно п.у 1 ч.  2 ст. 5 Федерального закона «О рекламе» недобросовестной признается реклама, которая содержит некорректные сравнения рекламируемого товара с находящимися в обороте товарами, которые произведены другими изготовителями или реализуются другими продавцами.","Признана ненадлежащей, выдано предписание о прекращении нарушения законодательства о рекламе","Верное: При сравнении цен продукции рекламируемого магазина с конкурентом (Ашан) не указываются существенные характеристики товаров, что нарушает п. 1 ч. 2 ст. 5 ФЗ ""О рекламе"".","Неверное: Использование при сравнении логотипа Ашана рекламируемым магазином нарушает авторское право, соответственно, данная реклама нарушает ч. 11 ст. 5 ФЗ ""О рекламе"".","При сравнении цен в рекламе отсутствуют существенные характеристики товара, а именно: страна-производитель, сорт, дата поступления товара, срок годности и другие. Реклама использует некорректное сравнение путем упущения важных характеристик товаров, что является нарушением п. 1 ч. 2 ст. 5 ФЗ ""О рекламе"".
Подробнее о деле: https://goo.su/eDSEb
"
3-5-186/77-18,28 сентября 2018,,недобросовестная реклама (+недостоверная реклама),Москва,"Реклама содержит утверждение о том, что музеи и аттракционы ИП Дружининой Д.Н. лучшие. В рассматриваемой рекламе отсутствует указание на конкретный критерий, с помощью которого указанная информация может быть подтверждена или опровергнута объективными данными и по которому возможно осуществить сравнение качества музеев и аттракционов ИП Дружининой Д.Н., с качеством услуг, предоставляемых иными музеями и аттракционами, а следовательно отсутствует возможность сделать вывод о достоверности утверждения, что «музеи и аттракционы ИП Дружининой Д.Н. лучшие»","Согласно п.у 1 ч.  2 ст. 5 Федерального закона «О рекламе» недобросовестной признается реклама, которая содержит некорректные сравнения рекламируемого товара с находящимися в обороте товарами, которые произведены другими изготовителями или реализуются другими продавцами. ","Признана ненадлежащей, выдано предписание о прекращении нарушения законодательства о рекламе","Верное: Реклама содержит утверждение о том, что музеи и аттракционы ИП Дружининой Д.Н. являются лучшими. Это не подтверждается фактами и конкретными объективными критериями, что является нарушением п. 1 ч. 2 ст. 5 ФЗ “О рекламе”. ","Неверное: Реклама аттракциона под названием ""Побег из тюрьмы"" призывает к совершению противоправных действий, что является нарушением п. 1 ч. 4 ст. 5 ФЗ “О рекламе”.","В рекламе содержится утверждение, что музеи и аттракционы ИП Дружининой Д.Н. лучшие. Однако отсутствует указание на конкретный критерий, с помощью которого указанная информация может быть подтверждена и по которому возможно осуществить сравнение качества музеев и аттракционов ИП Дружининой Д.Н. с другими. Поэтому отсутствует возможность сделать вывод о достоверности утверждения, о превосходстве рекламируемого товара. Реклама нарушает п. 1 ч. 2 ст. 5 ФЗ ""О рекламе"".
Подробнее о деле: https://goo.su/KMQcrsS
"
08-05-16/04,18 февраля 2016,,недобрососветная реклама,Мурманск,"Реклама «РАЗВОРАЧИВАЙТЕСЬ! Новый дилер Renault г. Мурманск, ул. Свердлова, д.11, тел.690000» была размещена на баннере в 200 метрах от автосалона конкурента ООО «Рено-Мурманск». Текст рекламы создавал впечатление у потребителя рекламы, что деятельность по продаже и обслуживанию автомобилей Renault по адресу пр. Кольский110Б, в г. Мурманске больше не осуществляется и теперь необходимо обращаться к новому дилеру по указанному в рекламе адресу","Согласно п.у 4 ч.  2 ст. 5 Закона о рекламе недобросовестной признается реклама, которая является актом недобросовестной конкуренции в соответствии с антимонопольным законодательством. В силу ч.  7 ст. 5 Закона о рекламе не допускается реклама, в которой отсутствует часть существенной информации о рекламируемом товаре, об условиях его приобретения или использования, если при этом искажается смысл информации, и вводятся в заблуждение потребители рекламы.","Признана ненадлежащей, выдано предписание о прекращении нарушения законодательства о рекламе и наложен штраф за нарушение законодательства о рекламе в размере 110 000 рублей","Верное: Рекламная фраза ""РАЗВОРАЧИВАЙТЕСЬ! Новый диллер..."" создает впечатление, что автосалоны, расположенные рядом, больше не осуществляют деятельность по продаже и обслуживанию автомобилей, и призывает обращаться к новому диллеру. Это вводит потребителей рекламы в заблуждение, что нарушает ч. 7 ст. 5 и п. 4 ч. 2 ст. 5 ФЗ ""О рекламе"".","Неверное: Яркий рекламный билборд содержит кричащую надпись ""РАЗВОРАЧИВАЙТЕСЬ!"", которая может напугать водителей, угрожая безопасности движения автомобильного транспорта, поэтому реклама нарушает п. 3 ч. 4 ст. 5 ФЗ ""О рекламе"".","Рекламная фраза ""РАЗВОРАЧИВАЙТЕСЬ! Новый диллер..."" создает впечатление, что автосалоны, расположенные рядом, больше не осуществляют деятельность по продаже и обслуживанию автомобилей, и призывает обращаться к новому диллеру, что является актом недобросовестной конкуренции. Отсутствие части  существенной информации также вводит потребителей в заблуждение, поэтому реклама нарушает п. 4 ч. 2 и ч. 7 ст. 5 ФЗ ""О рекламе"". В результате судебного разбирательства был назначен административный штраф в размере 110 000 рублей.
Подробнее о деле: https://goo.su/VZG2 "
63,10 июня 2016,«Плитка. Керамогранит. Сантехника. Мозайка. ТЦ Мой Дом» Данный текст сопровождается изображением персонажа мультфильма «Малыш и Карлсон» - Фрекен Бок. ,недобросовестная реклама,Ставропольский край,"В данном случае образ персонажа мультфильма «Малыш и Карлсон» - Фрекен Бок является интеллектуальной собственностью, которой предоставляется правовая охрана (интеллектуальная собственность). Законом не допускается продажа, обмен или иное введение в оборот товара, если при этом незаконно использовались результаты интеллектуальной деятельности.","В соответствии с п.ом 4 ч.  2 ст. 5 Федерального закона от 13.03.2006 №38-ФЗ «О рекламе», недобросовестной признается реклама, которая является актом недобросовестной конкуренции в соответствии с антимонопольным законодательством.

В соответствии с частью 11 ст. 5 Федерального закона от 13.03.06 №38-ФЗ ""О рекламе"", при производстве, размещении и распространении рекламы должны соблюдаться требования законодательства Российской Федерации, в том числе требования законодательства о государственном языке Российской Федерации, законодательства об авторском праве и смежных правах.","Признана ненадлежащей, выдано предписание о нарушении законодательства о рекламе и наложен штраф в размере 4 000 рублей","Верное: В рекламе незаконно использовался результат интеллектуальной деятельности - персонаж Фрекен Бок, что является актом недобросовестной конкуренции (п. 4 ч. 2 ст. 5 ФЗ ""О рекламе"") и несоблюдения законодательства РФ (ч. 11 ст. 5 ФЗ ""О рекламе"").","Неверное: В рекламе строительных товаров используется образ Фрекен Бок, что воспринимается потребителями рекламы как оскорбление персонажа, который совершенно не связан со строительством. Такая реклама нарушает ч. 6 ст. 5 ФЗ ""О рекламе"". ","Образ персонажа мультфильма «Малыш и Карлсон» - Фрекен Бок является интеллектуальной собственностью, которой предоставляется правовая охрана. Согласно законодательству РФ, не допускается продажа, обмен или иное введение в оборот товара, если при этом незаконно использовались результаты интеллектуальной деятельности. В рекламе незаконно использовался персонаж Фрекен Бок, что является актом недобросовестной конкуренции. Таким образом, реклама нарушает п. 4 ч. 2 и ч. 11 ст. 5 ФЗ ""О рекламе"". За нарушение законодательства на рекламодателя был наложен административный штраф в размере 4 000 рублей. Подробнее о деле: https://goo.su/B5g4V"
08/05/5-26/2021,17 мая,,"недобросовестная реклама (+ неэтичная реклама, употребление алкогольной продукции, несовершеннолетние, отуствует наименование оказывающего банковские услуги лица)",Москва,"1. Использованное в рекламе утверждение «лучший банк страны» в отношении АО «Альфа-Банк», указывает на превосходство данного банка в сравнении с другими банками, поскольку «лучший» подразумевает, что субъект рекламирования является первым из числа других однородных субъектов, обладая более высокими достоинствами и преимуществом перед ними. В рекламе отсутствует информация о критериях сравнения, на основании которых утверждается о превосходстве АО «Альфа-Банк» над другими банками, что искажает смысл рекламы и вводит потребителей в заблуждение.","В соответствии с п.ом 1 ч.  2 ст. 5 Федерального закона «О рекламе» недобросовестной признается реклама, которая содержит некорректные сравнения рекламируемого товара с находящимися в обороте товарами, которые произведены другими изготовителями или реализуются другими продавцами.

","Признана ненадлежащей, выдано предписание о прекращении законодательства о рекламе, наложен административный штраф в размере 100 000 рублей (Моргенштерну выдано предупреждение)","Верное: Использованное в рекламе утверждение «лучший банк страны» в отношении АО «Альфа-Банк», указывает на превосходство данного банка в сравнении с другими, что является нарушением п. 1 ч. 2 ст. 5 ФЗ ""О рекламе"".","Неверное: Нестатичная съемка рекламного ролика мешает его восприятию потребителем и нарушает п. 6 ч. 7 ст. 5 ФЗ ""О рекламе"".","Использованное в рекламе утверждение «лучший банк страны» в отношении АО «Альфа-Банк», указывает на превосходство данного банка в сравнении с другими банками, поскольку «лучший» подразумевает, что субъект рекламирования является первым из числа других однородных субъектов, обладая более высокими достоинствами и преимуществом перед ними.
Подробнее о деле: https://goo.su/oLlaHKX"
67/Р-2015,12 августа 2015,"«Почему Стройбат, а не Доминго», «Сравни в Доминго и приходи в Интерпол».",недобросовестная реклама (+ недостоверная реклама),Кемеровская область,"В рекламе содержится некорректное сравнение рекламируемого товара и услуг магазина ""Доминго"" с магазинами ""Стройбат"" и ""Интерпол"", что подразумевает предоставление услуг и товаров магазином ""Доминго"" более низкого качества. В тексте вышеуказанной рекламы содержатся не соответствующие действительности сведения о преимуществах рекламируемого товара перед находящимися в обороте товарами других продавцов
","п.ом 1 ч.  2 ст. 5 ФЗ ""О рекламе"" установлено, что недобросовестной признается реклама, которая содержит некорректные сравнения рекламируемого товара с находящимися в обороте товарами, которые произведены другими изготовителями или реализуются другими продавцами.
п.ом 1 ч.  3 ст. 5 ФЗ ""О рекламе"" установлено, что недостоверной признается реклама, которая содержит не соответствующие действительности сведения о преимуществах рекламируемого товара перед находящимися в обороте товарами, которые произведены другими изготовителями или реализуются другими продавцами.
","Признана ненадлежащей, наложен административный штраф в размере 2 000 рублей","Верное: В рекламе используется некорректное сравнение услуг рекламируемых магазинов ""Стройбат"" и ""Интерпол"" с конкурентом - ""Доминго"", что является нарушением п. 1 ч. 2 и п. 1 ч. 3 ст. 5 ФЗ ""О рекламе"".","Неверное: Реклама формирует негативное отношение к лицам, не пользующимся услугами ""Стройбата"" и ""Интерпола"", поскольку косвенно указывается на то, что клиенты ""Доминго"" получают товары более низкого качества из-за превосходства рекламируемых магазинов, что является нарушением п. 4 ч. 4 ст. 5 ФЗ ""О рекламе"".","В рекламе содержится некорректное сравнение рекламируемого товара и услуг магазина ""Доминго"" с магазинами ""Стройбат"" и ""Интерпол"", что подразумевает предоставление услуг и товаров магазином ""Доминго"" более низкого качества. Реклама содержит не соответствующие действительности сведения о преимуществах рекламируемого товара перед другими, поэтому она нарушает п. 1 ч. 2 и п. 1 ч. 3 ст. 5 ФЗ ""О рекламе"". На рекламодателя был наложен штраф в размере 2 000 рублей. Подробнее о деле: https://goo.su/vnPU9c"
08/05/5-49/2019,27 июня 2019,,недобрососветная реклама,,"Утверждение «Бренд №1» указывает на превосходство продукции этого производителя в сравнении с другими товарами. Однако важная информация о критериях такого сравнения является некорректной и вводящей в заблуждение потребителей, поскольку была выполнена мелким, нечитаемым шрифтом, занимала лишь 6% площади кадра и демонстрировалась всего в течение 2 секунд. Соответственно, потребители не получают информацию о критериях сравнения, на основании которых утверждается о превосходстве продукции «Коркунов» над продукцией других производителей, что искажает смысл рекламы и вводит потребителей в заблуждение.","В соответствии с п.ом 1 ч.  2 ст. 5 Федерального закона «О рекламе» недобросовестной признается реклама, которая содержит некорректные сравнения рекламируемого товара с находящимися в обороте товарами, которые произведены другими изготовителями или реализуются другими продавцами.","Признана ненадлежащей, выдано предписание о прекращении нарушения законодательства о рекламе и наложен административный штраф в размере 100 000 рублей ","Верное: Фраза ""Бренд №1"" указывает на превосходство продукции. Однако информация о критериях сравнения рекламируемого товара с другими написана мелким шрифтом, что искажает смысл рекламы и вводит потребителей в заблуждение, нарушая п. 1 ч. 2 ст. 5 ФЗ ""О рекламе"".","Неверное: Реклама содержит не соответствующую действительности информацию о превосходстве над конкурентами (""Бренд №1""), что нарушает п. 1 ч. 3 ст. 5 ФЗ ""О рекламе"".","В рекламе содержится утверждение «Бренд №1», которое указывает на превосходство продукции этого производителя в сравнении с другими товарами. Однако важная информация о критериях такого сравнения выполнена мелким, нечитаемым шрифтом, поэтому потребители не получают ее. Это является нарушением п. 1 ч. 2 ст. 5 ФЗ ""О рекламе"". В результате судебного разбирательства был наложен штраф в размере 100 000 рублей.
Подробнее о деле: https://goo.su/UVSc"
3-00-45/00-08-14,15 октября 2014,,недобросовестная реклама ,"Екатеринбург, Тюмень","В рекламе содержится некорректное сравнение молока ООО «Талицкий молочный завод» с молоком иных производителей по критерию натуральности путем утверждения: «Натуральное долго не хранится» и указания на срок его хранения 5 суток. Из рекламы следует, что молоко ООО «Талицкий молочный завод» со сроком годности 5 суток сравнивается по критерию натуральности с молоком, срок хранения которого более 5 суток. Однако из норм ФЗ от 12.06.2008 N 88-ФЗ «Технический регламент на молоко и молочную продукцию» и Санитарно-эпидемиологических правил и нормативов 2.3.2.1293-03 «Гигиенические требования по применению пищевых добавок» следует, что все молоко, независимо от способа термической обработки и срока годности, является натуральным и в его производстве не используются консерванты и сухое молоко.","Согласно п.у 1 ч.  2 ст. 5 недобросовестной признаётся реклама, которая содержит некорректные сравнения рекламируемого товара с находящимися в обороте товарами, которые произведены другими изготовителями или реализуются другими продавцами.","Признана ненадлежащей, выдано предписание о прекращении нарушения законодательства о рекламе и наложен административный штраф в размере 300 000 рублей ","Верное: Рекламируемое молоко со сроком годности 5 суток сравнивается по критерию натуральности с молоком, срок хранения которого более 5 суток. Однако натуральность молока не зависит от срока годности. Таким образом, реклама нарушает п. 1 ч. 2 ст. 5 ФЗ ""О рекламе"".","Неверное: На рекламном билборде не указана часть существенной информации о рекламируемом товаре, что приводит к искажению информации и нарушает ч. 7 ст. 5 ФЗ ""О рекламе"".","В материале содержится некорректное сравнение молока рекламируемой фирмы с молоком иных производителей по критерию натуральности путем утверждения: «Натуральное долго не хранится» и указания на срок годности 5 суток. Однако молоко, независимо от срока годности, является натуральным. Некорректное сравнение рекламируемого товара с другими запрещается п. 1 ч. 2 ст. 5 ФЗ ""О рекламе"". На рекламодателя был наложен штраф в размере 300 000 рублей.
Подробнее о деле: https://goo.su/qxe6
"
"N 022/04/14.3-829/2019
",17 октября 2019,,недобросовестная реклама,Алтайский край,"Реклама с указанием на оригинальность пельменей «Бийские», производителем которых является ИП, способствует формированию негативного отношения к пельменям других производителей, так как содержит некорректное сравнение, выполненное в форме противопоставления «оригинальное-копия» без упоминания конкретных сравнительных параметров. ","В соответствии с п. 1 ч. 2 ст. 5 Федерального закона «О рекламе» недобросовестной признается реклама, которая содержит некорректные сравнения рекламируемого товара с находящимися в обороте товарами, которые произведены другими производителями или реализуются другими продавцами.","Признать ИП виновным в совершении административного правонарушения, ответственность за которое предусмотрена ч. 1 ст. 14.3 КоАП РФ, и назначить ему наказание в виде предупреждения.
","Верное: Рекламируемый товар содержит сравнение посредством использования противопоставления ""оригинальное - копия"" без указания на конкретные критерии сравнения. Это является нарушением п. 1 ч. 2 ст. 5 ФЗ ""О рекламе"".","Неверное: В рекламе присутствует намек на то, что люди, не потребляющие продукцию ""Бийских пельменей"", покупают ""копию"", тем самым формируя негативное отношение к лицам, не пользующимся рекламируемым товаром, что нарушает п. 4 ч. 4 ст. 5 ФЗ ""О рекламе"".","Реклама с указанием на превосходство пельменей «Бийские» содержит некорректное сравнение, выполненное в форме противопоставления «оригинальное-копия» без упоминания конкретных сравнительных параметров, что является нарушением п. 1 ч. 2 ст. 5 ФЗ «О рекламе». За несоблюдение законодательства было назначено наказание в виде предупреждения.
Подробнее о деле: https://goo.su/RHoN
"
№68/04/14.3-628/2019,20.08.2019,,недостоверная реклама,Тамбов,"Мебельный магазин ""Мастар"" не предоставил никаких доказательств о преимуществе своего товара перед другими товарами рынка.","Согласно п.у 1 ч.  3 ст. 5 Федерального закона от 13 марта 2006 года N 38-ФЗ ""О рекламе"" (далее - Закон о рекламе) недостоверной признается реклама, которая содержит не соответствующие действительности сведения о преимуществах рекламируемого товара перед находящимися в обороте товарами, которые произведены другими изготовителями или реализуются другими продавцами.
",Реклама магазина «Мир мебели» признана ненадлежащей. Привлечь ИП к административной ответственности по ч.  1 ст. 14.3 КоАП РФ и подвергнуть административному наказанию в виде предупреждения.,"Верное- Реклама проецирует преимущество и превосходство своего товара без какой-либо отсылки на достоверный источник. Таким образом, реклама является недостоверной и нарушает п. 1 ч. 3 ст. 5 ФЗ ""О рекламе"".","Неверное: В данном случае реклама не содержит информацию о расположении магазина ""Мир Мебели"", о контактах руководителя, а это вводит потребителей в заблуждение и нарушает ч. 7 ст. 5 ФЗ ""О рекламе"", так как в рекламе не хватает части существенной информации. ","Мебельный магазин ""Мастар"" не предоставил никаких доказательств о преимуществе своего товара перед другими товарами рынка. Реклама нарушает п. 1 ч. 3 ст. 5 ФЗ ""О рекламе"".
Подробнее о деле: https://goo.su/x1mz"
N 02-03/95-2018,20.11.2018,,недостоверная реклама,Тульская область,"Не содержит соответствующие
действительности сведения о преимуществах
рекламируемого товара перед другими товарами рынка","""В соответствии с п.ом 1 ч.  3 ст. 5 Федерального закона «О рекламе»
недостоверной признается реклама, которая
содержит не соответствующие действительности
сведения о преимуществах рекламируемого
товара перед находящимися в
обороте товарами, которые
произведены другими
изготовителями или реализуются
другими продавцами.
Согласно п.у 29 постановления
Пленума Высшего Арбитражного""","Ведомство возбудило дело по признакам нарушения ч.  7 ст. 5 Закона о рекламе. В случае если нарушение будет доказано, компания может получить штраф в соответствии со ст.й 14.3 КоАП РФ в размере от 100 тыс. до 500 тыс. рублей.","Верное: Реклама содержит фразу: ""Первый мебельный"", которая указывает на преимущество товаров магазина перед другими товарами рынка.","Неверное: Реклама не содержит сведений об ассортименте магазина, о комплектации товаров, а также о возможности их приобретения в определенном месте или в течение определенного срока.
","Реклама не содержит соответствующие действительности сведения о преимуществах рекламируемого товара перед другими товарами рынка. Нарушает п. 1 ч. 3 ст. 5 ФЗ ""О рекламе"".
Подробнее о деле: https://goo.su/lzWBG7"
N 077/05/5-13075/2020,27.10.2020,"""ДЕШЕВЛЕ ТОЛЬКО ДАРОМ. Для Вас спецпредложение. От Бритва.рф!"" в системе ""Я.Директ"" по адресу rbc.ru/short_news.",недостоверная реклама,Москва,Содержит не соответствующие действительности сведения о преимуществах рекламируемого товара перед находящимися в обороте товарами,"В соответствии с п.ом 1 ч.  3 ст. 5 Закона о рекламе, недостоверной признается реклама, которая содержит не соответствующие действительности сведения о преимуществах рекламируемого товара перед находящимися в обороте товарами, которые произведены другими изготовителями или реализуются другими продавцами.
Согласно представленным сведениям, в иных интернет-магазинах заявителем были найдены рекламируемые товары по цене дешевле, чем в на сайте бритва.рф.
","Возбудить производство по делу N 077/05/5-13075/2020 по признакам нарушения законодательства Российской Федерации о рекламе, а именно п. 1 ч.  3 ст. 5 Закона о рекламе.
","Верное: Фраза ""ДЕШЕВЛЕ ТОЛЬКО ДАРОМ"" указывает на то, что сайт ""бритва.рф"" имеет самые низкие цены на рынке. Это демонстирует преимущество перед остальными находящимися в обороте товарами.","Неверное: Реклама содержит фразу ""ДЕШЕВЛЕ ТОЛЬКО ДАРОМ"", написанную заглавными буквами. Это затрудняет чтение рекламы потребителями.","Содержит не соответствующие действительности сведения о преимуществах рекламируемого товара перед находящимися в обороте товарами. Нарушает п. 1 ч. 3 ст. 5 ФЗ ""О рекламе"".
Подробнее о деле: https://goo.su/SZSq
"
N 077/05/5-12770/2020,17.09.2020,"Реклама ""Самый большой выбор товаров для бассейна. Интернет-магазин aquapolis.ru"". ",недостоверная реклама,Москва,Содержит не соответствующие действительности сведения о преимуществах рекламируемого товара перед находящимися в обороте товарами,"При распространении рекламы ""Самый большой выбор товаров для бассейна. Интернет-магазин aquapolis.ru"" усматриваются признаки нарушения п. 1 ч.  3 ст. 5 Закона о рекламе, выразившиеся в распространении рекламы, которая содержит не соответствующие действительности сведения о преимуществах интернет-магазина aquapolis.ru и реализуемого им товара с иными конкурентами.
","Возбудить производство по делу N 077/05/5-12770/2020 по признакам нарушения законодательства Российской Федерации о рекламе, а именно п. 1 ч.  3 ст. 5 Закона о рекламе.
","Верное: Фраза ""Самый большой выбор товаров для бассейна"" указывает на преимущество интернет-магазина ""aquapolis.ru"" перед конкурентами. ","Неверное: В рекламе отсутствуют сведения о ценах на товары, о количестве товара и о местоположении магазина.","Содержит не соответствующие действительности сведения о преимуществах рекламируемого товара перед находящимися в обороте товарами. Реклама нарушает п.1 ч. 3 ст. 5 ФЗ ""О рекламе"".
Подробнее о деле: https://goo.su/tukuKA
"
https://br.fas.gov.ru/media/2016/08/15/4-14.3-50577-16.pdf,24.06.2016,,недостоверная реклама,Москва,"По мнению заявителя, направившего обращение в Московское УФАС России, использованная в рекламе фраза ""Вот это флагман. Не то что глюк фруктовой компании. Реально крутой"" содержит в себе прямое сравнение рекламируемого товара с продукцией компании Apple.
Кроме того, исходя из самостоятельного анализа рынка, Московское УФАС России пришло к выводу, что в ряду наиболее известных компаний, реализующих мобильные устройства, не существует иной компании, сопоставимой по масштабам производства и присутствия на российском рынке с компанией Samsung, кроме компании Apple (в переводе с английского ""яблоко""), которая имела бы какое-либо отношение к фруктам.
","Наличие в спорной рекламе фразы ""Вот это флагман. Не то что глюк фруктовой компании. Реально крутой"" указывает на наличие в данной рекламе признаков нарушения п. 1 ч.  2 ст. 5 Закона о рекламе, выразившегося в рекламе, содержащей некорректные сравнения рекламируемого товара с находящимися в обороте товарами, которые произведены другими изготовителями или реализуются другими продавцами.","Признать рекламу недостоверной. Выдать ООО ""С"" и ООО ""ЕА"" предписания о прекращении нарушения законодательства Российской Федерации о рекламе.
Передать материалы дела уполномоченному должностному лицу Московского УФАС России для возбуждения дела об административном правонарушении, предусмотренном ст.й 14.3 Кодекса Российской Федерации об административных правонарушениях.
","Верное: Фраза ""Вот это флагман. Не то что глюк фруктовой компании. Реально крутой"" содержит некорректное сравнение рекламируемого товара с продукцией Apple.","Неверное: Фраза ""Евросеточка, люблю я её"" в рекламном видеоролике искажает название компании ""Евросеть"" и вводит потребителей в заблуждение.","Использованная в рекламе фраза ""Вот это флагман. Не то что глюк фруктовой компании. Реально крутой"" содержит в себе прямое сравнение рекламируемого товара с продукцией компании Apple. Демонстрирует преимущество товаров ""Евросети"" перед товарами другой компании. Нарушает п. 1 ч. 2 ст. 5 ФЗ ""О рекламе"".
Подробнее о деле: https://goo.su/RxpaN"
N 3-5-17-77-15,28.05.2015,"Распространение рекламы ""ОК!; самый влиятельный журнал о звездах; www.ok-magazine.ru""
",недостоверная реклама,Москва,"Использование в рекламе сравнительной характеристики объекта рекламирования с иными товарами, например путем употребления слов ""лучший"", ""первый"", ""номер один"", должно производиться с указанием конкретного критерия, по которому осуществляется сравнение и который имеет объективное подтверждение. В данной реклме это не соблюдается.
","В соответствии п.ом 1 ч.  2 ст. 5 Закона о рекламе, недобросовестной признается реклама, которая содержит некорректные сравнения рекламируемого товара с находящимися в обороте товарами, которые произведены другими изготовителями или реализуются другими продавцами.","Признать рекламу ""ОК!; самый влиятельный журнал о звездах; www.ok magazine.ru"", размещенной на основании договора N 535 МР от 31.01.2014, ненадлежащей в связи с нарушением требований п. 1 ч.  2, п. 1 ч.  3 ст. 5 Закона о рекламе.
Не выдавать ЗАО ""Аксель Шпрингер Раша"", ООО ""Н"" предписания о прекращении нарушения законодательства Российской Федерации о рекламе.
","Верное: Реклама содержит некорректные сравнения рекламируемого товара с находящимися в обороте товарами, которые произведены другими изготовителями.","Неверное: Название журнала ""ОК!"" является американским общеупотребительным выражением, означающим согласие ""ладно"", ""хорошо"". Этого слова нет в словарях русского языка, поэтому его использование вводит потребителей в заблуждение.","Использование в рекламе сравнительной характеристики объекта с иными товарами, путем употребления слов ""лучший"", ""номер один"", должно производиться с указанием конкретного критерия, по которому осуществляется сравнение и который имеет объективное подтверждение. В данной рекламе это не соблюдается. Она нарушает п. 1 ч. 2 и п. 1 ч. 3 ст. 5 ФЗ ""О рекламе"".
Подробнее о деле: https://goo.su/cQJp"
122-08/2017,7 июня 2018,,недостоверная реклама,Челябинск,"Фраза ""Пожалуй, лучшие врачи Челябинска"" подчеркивает именно преимущества рекламируемого центра и оказываемых им услуг. Наличие в рекламе слова ""пожалуй"" не снизило заявляемую степень превосходства рекламируемого товара над аналогичными, поскольку основания или источники такого предположения также не указаны.

","Согласно п.у 1) ч.  3 ст. 5 Закона о рекламе недостоверной признается реклама, которая содержит не соответствующие действительности сведения о преимуществах рекламируемого товара перед находящимися в обороте товарами, которые произведены другими изготовителями или реализуются другими продавцами.","Признана ненадлежащей, объявлено предупреждение ","Верное: Используемая в рекламе фраза ""Пожалуй, лучшие врачи Челябинска"" содержит не соответствующие действительности сведения о преимуществах рекламируемого товара перед другими товарами рынка.","Неверное: Фраза ""Пожалуй, лучшие врачи Челябинска"" вводит потребителей в заблуждение, так как частица ""пожалуй"" означает неуверенность, вероятность. То есть врачи могут быть и плохими.","Фраза ""Пожалуй, лучшие врачи Челябинска"" подчеркивает преимущества рекламируемого центра и оказываемых им услуг. Наличие в рекламе слова ""пожалуй"" не снизило заявляемую степень превосходства рекламируемого товара над аналогичными, поскольку основания или источники такого предположения также не указаны. Нарушает п. 1 ч. 3 ст. 5 ФЗ ""О рекламе"".
Подробнее о деле: https://goo.su/k842mh
"
N РЦ.08.09.54,20.01.,,недостоверная реклама,Москва,"Из рекламы следует, что чистящие средства ""Domestos"" рекомендованы НИИ Гигиены и охраны здоровья детей и подростков РАМН для уничтожения микробов, включая вирус свиного гриппа. Кроме того, реклама создает впечатление, что использование чистящих средства ""Domestos"" обеспечивает профилактику заболеваний у детей раннего возраста.","В соответствии с п.ом 2 частью 3 ст. 5 Федерального закона ""О рекламе"" недостоверной признается реклама, которая содержит не соответствующие действительности сведения: о любых характеристиках товара, в том числе о его природе, составе, способе и дате изготовления, назначении, потребительских свойствах, об условиях применения товара, о месте его происхождения, наличии сертификата соответствия или декларации о соответствии, знаков соответствия и знаков обращения на рынке, сроках службы, сроках годности товара.

В соответствии с п.ом 10 ч.  3 ст. 5 Федерального закона ""О рекламе"" недостоверной признается реклама, которая содержит не соответствующие действительности сведения о рекомендациях физических или юридических лиц относительно объекта рекламирования либо о его одобрении физическими или юридическими лицами.","Признать рекламу ненадлежащей и выдать ООО ""Ю"" предписание о прекращении нарушения пп. 2, 10 ч.  3 ст. 5 Федерального закона ""О рекламе"".
","Верное: Реклама создает впечатление, что использование чистящих средств ""Domestos"" обеспечивает профилактику заболеваний у детей раннего возраста. Кроме того, из рекламы следует, что чистящие средства ""Domestos"" рекомендованы НИИ Гигиены и охраны здоровья детей и подростков РАМН для уничтожения микробов, включая вирус свиного гриппа.","Неверное: Фраза ""Убивает микробы наповал, включая вирус свиного гриппа"" над фотографией ребёнка несёт оскорбительный смысл, так как потребители могут подумать, что рёбенок в данном случае сравнивается с вирусом свиного гриппа.","Реклама признается недостоверной, так как содержит не соответствующие действительности сведения: о любых характеристиках товара, в том числе о его природе, составе, способе и дате изготовления, назначении, потребительских свойствах, об условиях применения товара, о месте его происхождения. Нарушает п. 2 ч. 3 ст. 5 ФЗ ""О рекламе"".
Подробнее о деле: https://goo.su/xggrOEl"
"N 43-АР-2018
",10.01.2019,,недостоверная реклама,Республика Чувашия,"В рекламе аптеки ""Озерки"" ООО ""Э"" утверждается ""Аптечная СЕТЬ N 1"", т.е. сообщается о преимуществах рекламируемого продавца перед другими продавцами фармацевтических и иных товаров (конкурентов).
","В связи с этим использование в рекламе сравнительной характеристики объекта рекламирования с иными товарами, например путем употребления слов ""лучший"", ""первый"", ""номер один"", должно производиться с указанием конкретного критерия, по которому осуществляется сравнение и который имеет объективное подтверждение.
Реклама, не сопровождаемая таким подтверждением, должна считаться недостоверной как содержащая не соответствующие действительности сведения о преимуществах рекламируемого товара перед находящимися в обороте товарами, изготовленными другими производителями или реализуемыми другими продавцами (п. 1 ч.  3 ст. 5 Закона о рекламе).
","Признать ООО ""Э""  виновным в совершении административного правонарушения, предусмотренного частью 1 ст. 14.3 Кодекса Российской Федерации об административных правонарушениях и назначить ООО ""Э"" наказание в виде административного штрафа в размере 100 000 рублей.
","Верное: В рекламе используется сравнительная характеристика объекта рекламирования с иными товарами, путем использования фразы ""Аптечная СЕТЬ № 1"".","Неверное: Реклама размещена прямо под окнами жилого дома, что может мешать жителям. Из-за своих больших размеров она также затрудняет проход в саму Аптеку ""Озёрки"".","Реклама содержит не соответствующие действительности сведения о преимуществах рекламируемого товара перед находящимися в обороте товарами, изготовленными другими производителями или реализуемыми другими продавцами. Это является нарушением п. 1 ч. 3 ст. 5 ФЗ ""О рекламе"".
Подробнее о деле: https://goo.su/eqxfnr"
N А40-64553/11-26-476,4 июля 2012,https://youtu.be/pBb-WMLjXso,недостоверная реклама,Москва,"Компания Nestle заявила, что реклама бульона Knorr, который производит Unilever, дискредитирует ее продукцию под брендом Maggi. Компания объяснила это фонетической близостью слов Maggi (""Магги"") и ""магия"", и назвала слоган Unilever актом недобросовестной конкуренции. Юрист Nestle заявил, что с тем же успехом компания могла бы использовать слоган ""Никакого волшебства!"" - тогда бы к ней не возникло вопросов по поводу обыгрывания товарной марки Maggi. Nestle потребовала признать рекламу Knorr ненадлежащей и заставить ответчика прекратить ее распространение.","При проверке принятых по делу решения и постановления Федеральный арбитражный суд Московского округа не установил наличие оснований для их отмены, предусмотренных ст. 288 АПК РФ.","Арбитражный суд Москвы отказал компании Nestle в удовлетворении иска к компании Unilever, поданного из-за рекламы бульона Knorr со слоганом ""Никакой магии!"".","Верное: Бренд Maggi заявил о том, что фраза в рекламе ""Никакой магии"" является актом недобросовестной конкуренции со стороны производителя Unilever, так как есть фонетическая близость слов Maggi (""Магги"") и ""магия"".","Неверное: Фраза в рекламном видеоролике ""Думаю, это лучшее изобретение в истории кулинарии"" указывает на преимущество рекламируемого товара перед другими товарами рынка.","Компания Nestle заявила, что реклама бульона Knorr, который производит Unilever, дискредитирует ее продукцию под брендом Maggi. Компания объяснила это фонетической близостью слов Maggi (""Магги"") и ""магия"" и назвала слоган Unilever актом недобросовестной конкуренции. Юрист Nestle заявил, что с тем же успехом компания могла бы использовать слоган: ""Никакого волшебства!"" - тогда бы к ней не возникло вопросов по поводу обыгрывания товарной марки Maggi. Nestle потребовала признать рекламу Knorr ненадлежащей и заставить ответчика прекратить ее распространение.
Подробнее о деле: https://goo.su/tzz2s
"
№3-5-6/00-08-18,13.09.2018,,недостоверная реклама,Москва,"Данная реклама представляет собой два видео ролика, в одном из которых есть слова: ""Практически каждый второй россиянин был заражён половой инфекцией"". Это высказывание не подтверждается статистическими данными Минздрава, более того, суд признал, что оно им противоречит.","Согласно п.у 11 ч.  3 ст. 5 Федерального закона «О рекламе» недостоверной признается реклама, которая содержит не соответствующие действительности сведения о результатах исследований и испытаний.

Из смысла рекламы презервативов «Durex» вытекает, что примерно 50% населения России было заражено заболеванием, передающимся половым путем, что противоречит официальной статистике Минздрава России.","Признать ненадлежащей, нарушающей п. 11 часть 3 ст. 5 Федерального закона «О рекламе», рекламу презервативов «Durex», распространявшуюся на федеральных телевизионных каналах в 2017-18 гг., поскольку в рекламе содержатся не соответствующие действительности сведения о результатах исследований и испытаний. Рекламодателю недостоверной рекламы предписано прекратить нарушения закона. К возбуждению готовится административное дело для назначения штрафа.","Верное: В данном случае реклама указывает на статистические данные о заболеваниях без какой-либо отсылки на достоверный источник. Таким образом, реклама является недостоверной и нарушает п. 1 ч. 3 ст. 5 ФЗ ""О рекламе"".","Неверное: В данном случае не допускается реклама продукции 18+ на платформах видеохостингов, что является нарушением п. 3 ч. 2 ст. 21 ФЗ ""О рекламе"".","Реклама признана ненадлежащей, нарушающей п. 11 ч. 3 ст. 5 ФЗ «О рекламе», поскольку в рекламе содержатся не соответствующие действительности сведения о результатах исследований и испытаний.
Подробнее о деле: https://goo.su/K9MW"
"№ 4-14.3-165/00-08-15
",06.04.2015,https://youtu.be/g1hQoLfhifw,недостоверная и алкоголь,россия,"Приведенные в рекламных видеороликах утверждения указывают на превосходство лекарственного препарата ""Бронхикум"" в сравнении с другими препаратами от кашля по показателям эффективности и скорости действия, и дают основания потребителям полагать, что такое преимущество подтверждено клиническими исследованиями.
(https://www.youtube.com/watch?v=g1hQoLfhifw)","В соответствии с п.ом 1 ч.  3 ст. 5 Федерального закона ""О рекламе"" недостоверной признается реклама, которая содержит не соответствующие действительности сведения о преимуществах рекламируемого товара перед находящимися в обороте товарами, которые произведены другими изготовителями или реализуется другими продавцами.
Согласно п.у 8 ч.  1 ст. 24 Федерального закона ""О рекламе"" реклама лекарственных средств не должна гарантировать положительное действие объекта рекламирования, его безопасность, эффективность и отсутствие побочных действий.",Назначен штраф в размере 100 тыс. руб.,"Верное: Лекарственный препарат ""Бронхикум"" в рекламе позиционируется как средство, благодаря которому можно быстрее и эффективнее вылечиться от кашля. Это указывает на преимущество рекламируемого товара перед находящимися в обороте изделиями.","Неверное: В рекламном ролике текст, в котором содержится дополнительная информация о лекарственном препарате, нечитаема. К тому же, он загораживает картинку, а это сильно мешает восприятию видеоролика.","В соответствии с п. 1 ч. 3 ст. 5 Федерального закона ""О рекламе"" недостоверной признается реклама, которая содержит не соответствующие действительности сведения о преимуществах рекламируемого товара перед находящимися в обороте товарами, которые произведены другими изготовителями или реализуется другими продавцами.
Подробнее о деле: https://goo.su/xRP6aZn
"
Запрос № 110-01.11.2022,01.11.2022,,добросовестная ,Приморский край,"В рекламе используется слово ""идеальные"", что подразумевает превосходство, выделение данного товара из ряда однородных, для подтверждения которого не приводятся конкретные критерии сравнения. Однако СРО не выявило нарушений п. 1 ч.  3 ст. 5 ФЗ ""О рекламе"", поскольку ""идеальный"" трактуется как возвышенный, соответствующий идеалу, то он не является синонимом слову ""лучший"".","Согласно п.у 1 ч.  3 ст. 5 ФЗ ""О рекламе"" признается реклама, которая содержит не соответствующие действительности сведения о преимуществах рекламируемого товара перед находящимися в обороте товарами, которые произведены другими изготовителями или реализуются другими продавцами.","Не выявлено нарушений п. 1 ч.  3 ст. 5 ФЗ ""О рекламе"".","Верный: В рекламе используется фраза ""идеальные ручки"", что указывает на превосходство товара перед другими и не подтверждается конкретными критериями сравнения, что нарушает п. 1 ч. 3 ст. 5 ФЗ ""О рекламе"".","Неверный: Согласно рекламе, товар ""не мажет и не оставляет пятен"", что является намеком на то, что такими качествами не обладают товары конкурентов, это порочит честь, достоинство и деловую репутацию других производителей и нарушает п. 3 ч. 2 ст. 5 ФЗ ""О рекламе"".","В рекламе используется слово ""идеальные"", что подразумевает превосходство, выделение данного товара из ряда однородных, для подтверждения которого не приводятся конкретные критерии сравнения. Однако СРО не выявило нарушений п. 1 ч. 3 ст. 5 ФЗ ""О рекламе"", поскольку ""идеальный"" трактуется как возвышенный, соответствующий идеалу и не является синонимом слову ""лучший"".
Подробнее о деле: https://goo.su/mOc0"
ЗАПРОС № 09-2021,26 февраля 2021,"Рекламный видеоролик, распространяемый 26.12.2020 на телеканале ""Пятница"" с новогодней рекламой аптеки ""Вита"", содержащей текст следующего содержания: ""АПТЕКА ВИТА ГЛАВНАЯ РАСПРОДАЖА с 15 декабря 2020 по 15 января 2021"" и изображением стилизованной елки с шарами, на которых изображены цифры скидок.",Добросовестная ,Свердловская область,"В спорной рекламе не содержится упоминания товаров в смысле Закона о рекламе: ни распродажа, ни сама аптека не являются продуктами, предназначенными для продажи. Товары же, предлагаемые к распродаже, в рекламе не идентифицированы, следовательно, не могут быть объектами рекламирования. Таким образом, характеристика «главная» независимо от собственного смысла и истинности в данном случае не подпадает под действие установленных в Федеральном законе от 13.03.2006 No 38-ФЗ «О рекламе» ограничений. Выражение «главная распродажа» может относиться к самой аптеке - для них эта распродажа является наиболее масштабной и предполагает наибольшие скидки, что не редкость для новогоднего периода.",П. 1 ч. 2 и п. 1 ч. 3 ст. 5 Федерального закона от 13.03.2006 No 38-ФЗ «О рекламе» устанавливаются соответственно запрет на некорректное сравнение товаров и распространение недостоверных сведений о товарах.,"1. Нарушения положений Федерального закона от 13.03.2006 No38-ФЗ «О рекламе» не выявлены. 2. Нарушения норм, изложенных в Российском Кодексе практики рекламы и маркетинговых коммуникаций (2012г.) и в Кодексе рекламы и маркетинговых коммуникаций МТП, не выявлены.","Верный: В рекламе используется фраза ""ГЛАВНАЯ РАСПРОДАЖА"", что может потенциально указывать на превосходство этой распродажи над распродажами других аптек. Это является нарушением п. 1 ч. 3 ст. 5 ФЗ ""О рекламе"".","Неверный: Согласно рекламному видеоролику, речь идет о распродаже в сети аптек ""Вита"", однако не указаны условия распродажи и специальные акции, что вводит в заблуждение покупателей и нарушает п. 3 ч. 2 ст. 5 ФЗ ""О рекламе"".","В рекламе не содержится упоминания товаров в смысле Закона о рекламе: ни распродажа, ни сама аптека не являются продуктами, предназначенными для продажи. Товары же, предлагаемые к распродаже, в рекламе не идентифицированы, следовательно, не могут быть объектами рекламирования. Таким образом, характеристика «Главная», независимо от собственного смысла и истинности, в данном случае не попадает под нарушение п.1 ч. 2, а также ч. 3 ст. 5 ФЗ «О рекламе». Выражение «Главная распродажа» может относиться к самой аптеке - для них эта распродажа является наиболее масштабной и предполагает наибольшие скидки, что не редкость для новогоднего периода.
Подробнее о деле: https://goo.su/s6UD
"
ЗАПРОС № 58 -2021,19.07.2021,"Распространение эфире радиоканала ""Наше Радио"" (г.Пермь) рекламы следующего содержания:
“- Окей, Гугл. Материал для строительства дома, экологически чистый, долговечный, недорогой. Чтобы было сухо, тепло, красиво и качественно.
- Найден идеальный вариант по Вашим заданным параметрам: газобетон «ПЗСП» соответствует всем Вашим запросам. Также есть бесплатная доставка. Звони или закажи на сайте”.
",Добросовестная ,Пермский край,"Несмотря на то, что признаков нарушения 38-фз нет, в рекламе присутствует утверждение об идеальном варианте, которое может создать у потребителя впечатление о преимуществах именно этого товара. Реклама неэтична, потому что вводит потребителя в заблуждение о том, что по каким-то критериям Гугл рекомендует этот продукт, хотя никакой такой рекомендации Гугл не дает. Кроме того, упоминание другой товарной марки в рекламе может быть еще одним этическим нарушением (но здесь нужно спросить мнение Гугла).","Спорная реклама содержит нарушение, предусмотренное п. 11 ч. 3 ст. 5 Закона «О рекламе», т.к. исследование информации в сети «Интернет» с помощью поисковика google не приводит – и в силу особенностей алгоритма не может привести – к получению указанного в рекламе результата","1. Рассматриваемая реклама не содержит утверждение о преимуществах рекламируемого товара перед находящимися в обороте товарами, которые произведены другими изготовителями. 2. Нарушения положений Федерального закона от 13.03.2006 No38-ФЗ «О рекламе» не выявлены. 3. В связи с незначительным расхождением оценок экспертов, рекомендовать УФАС направить рекламодателю экспертное решение, обратив внимание на особое мнение экспертов.","Верный: В рекламе содержится утверждение о преимуществах рекламируемого товара, что является нарушением п. 1 ч.  3 ст. 5 ФЗ ""О рекламе"".","Неверный: Реклама неправомерна, потому что вводит потребителя в заблуждение о том, что по каким-то критериям Гугл рекомендует этот продукт, хотя никакой такой рекомендации Гугл не дает.","В рекламе не было обнаружено нарушений, однако у экспертного совета есть претензии касательно п. 11 ч. 3 ст. 5 ФЗ ""О рекламе"" т.к. исследование информации в сети «Интернет» с помощью поисковика Google не приводит – и в силу особенностей алгоритма не может привести – к получению указанного в рекламе результата, а именно данных о преимуществах какого-то товара.
Подробнее о деле: https://goo.su/oWBvE6j
"
,30.08.2021,,Фармацевтика,г. Санкт-Петербург,"
Плакаты наружной рекламы, размещенные в г. Санкт-Петербург, с текстом следующего содержания: ""Болеть - больно. Умирать - страшно. Сделать прививку - просто. Вакцинируйся"", ""Вакцинация спасает жизни. Не беречь себя и близких — это безумие"".
КПВСМИ запросил проверку данной рекламы на наличие провокационных и психологически вредных для детей материалов. ","Федеральный закон от 13.03.2006 №38-ФЗ ""О рекламе"".
Нормы, изложенные в Российском Кодексе практики рекламы и маркетинговых коммуникаций (2012 г.) и в Кодексе рекламы и маркетинговых коммуникаций МТП.
","Нарушения положений Федерального закона от 13.03.2006 №38-ФЗ «О
рекламе» не выявлены.
2. Нарушения норм, изложенных в Российском Кодексе практики рекламы и
маркетинговых коммуникаций (2012 г.) и в Кодексе рекламы и маркетинговых
коммуникаций МТП, не выявлены.","Верное: Реклама является недостоверной, поскольку создает ложное впечатление о гарантированном результате вакцинации. Ничем не подтвержденная информация пугает людей и нарушает ч. 3 и 4 ст. 5 ФЗ ""О рекламе"".","Неверное: В данном случае слоганы, представленные в рекламных материалах, могут рассматриваться как провокационные, противоречащие нормам закона, нарушая ч. 4 ст. 8 ФЗ ""О рекламе"".","В рекламе не было выявлено нарушений, так как мнения по поводу вакцинации не являются основанием для запрета выражения этих мнений. Но необходимо разделять факты и точки зрения. Например, «болеть – больно» является либо ложным суждением (потому что не всегда болезнь вызывает болезненные ощущения), либо выражением мнения. Для отличия точки зрения от утверждения о факте целесообразно указывать субъекта мнения. В противном случае создается впечатление о научной доказанности или об общепризнанности высказываемых суждений. Следовательно, в рекламе не было нарушений ч. 3 и 4 ст. 5 ФЗ ""О рекламе"".
Подробнее о деле: https://goo.su/BiC2Dy
"
